Subtest,Domain
Comprehension of Vocabulary,Receptive
Comprehension of Oral Directions,Receptive
Comprehension of Stories and Questions,Receptive
Comprehension of Basic Morphology and Syntax,Receptive
Executing Oral Directions,Receptive
Expressive Labeling of Vocabulary,Expressive
Expressive Skills for Describing and Explaining,Expressive
Narrative Skills,Expressive
Expressive Use of Basic Morphology and Syntax,Expressive
Comprehension of Body Language and Vocal Emotion,Social
Social and Language Inference,Social
Situational Language Use,Social
Elicited Body Language,Social
Social Communication Inventory,Social
